City_ID,City,Lat,Lng,Max Temp,Humidity,Cloudiness,Wind Speed,Country,Date
0,adamstown,-25.066,-130.1015,73.15,86,95,18.28,PN,1699915953
1,khandyga,62.6667,135.6,-27.72,100,67,2.86,RU,1699915953
2,puerto ayora,-0.7393,-90.3518,84.16,92,70,5.01,EC,1699915953
3,bilibino,68.0546,166.4372,-19.21,100,100,4.65,RU,1699915948
4,funafuti,-8.5243,179.1942,82.4,100,75,10.36,TV,1699915954
5,port-aux-francais,-49.35,70.2167,44.83,96,100,39.66,TF,1699915439
6,polyarnyy,69.1989,33.4478,16.83,95,100,1.79,RU,1699915615
7,ilulissat,69.2167,-51.1,24.82,63,100,14.97,GL,1699915597
8,greymouth,-42.4667,171.2,57.49,96,100,16.69,NZ,1699915955
9,yorkton,51.2167,-102.4677,37.24,70,100,12.66,CA,1699915679
10,penha,-26.7694,-48.6458,74.89,100,40,6.91,BR,1699915955
11,saint-pierre,-21.3393,55.4781,72.57,64,82,8.05,RE,1699915955
12,port augusta,-32.5,137.7667,70.95,50,55,15.77,AU,1699915955
13,santa cruz,-17.8,-63.1667,89.65,55,20,13.8,BO,1699915955
14,puerto natales,-51.7236,-72.4875,38.32,71,53,11.65,CL,1699915956
15,patong,7.8961,98.2966,78.94,79,100,13.42,TH,1699915681
16,bel ombre,-4.6167,55.4167,82.24,78,40,5.75,SC,1699915956
17,grytviken,-54.2811,-36.5092,36.55,98,100,7.31,GS,1699915956
18,waitangi,-43.9535,-176.5597,55.49,85,3,21.52,NZ,1699915820
19,saint-philippe,-21.3585,55.7679,71.19,83,68,6.91,RE,1699915956
20,bethel,41.3712,-73.414,43.65,67,94,1.01,US,1699915485
21,mashava,-20.0367,30.4823,66.56,66,12,10.33,ZW,1699915957
22,qaqortoq,60.7167,-46.0333,19.49,95,100,2.98,GL,1699915957
23,nadi,-17.8,177.4167,86.0,66,75,11.5,FJ,1699915957
24,burutu,5.3509,5.5076,78.42,87,99,4.05,NG,1699915957
25,udachny,66.4167,112.4,19.45,92,100,8.88,RU,1699915957
26,stanley,54.868,-1.6985,47.79,87,20,23.02,GB,1699915957
27,st. john's,47.5649,-52.7093,32.97,80,100,5.75,CA,1699915892
28,west island,-12.1568,96.8225,78.78,83,75,9.22,CC,1699915958
29,codrington,-38.2667,141.9667,58.32,64,100,6.33,AU,1699915958
30,talnakh,69.4865,88.3972,9.21,94,100,13.44,RU,1699915958
31,blackmans bay,-43.0167,147.3167,57.72,50,73,1.99,AU,1699915958
32,fort bragg,35.139,-79.006,60.64,56,0,4.61,US,1699915959
33,paphos,34.7667,32.4167,64.18,82,20,8.05,CY,1699915959
34,thompson,55.7435,-97.8558,28.56,86,100,6.91,CA,1699915665
35,anadyr,64.75,177.4833,10.9,78,38,26.84,RU,1699915959
36,rio grande,-32.035,-52.0986,68.11,95,100,13.29,BR,1699915959
37,tolanaro,-25.0319,46.9987,70.18,86,29,4.59,MG,1699915960
38,invercargill,-46.4,168.35,65.01,54,38,11.01,NZ,1699915960
39,tumayr,25.7039,45.868,70.93,43,100,7.87,SA,1699915960
40,papatowai,-46.5619,169.4708,61.52,47,21,9.04,NZ,1699915960
41,iskateley,67.6803,53.1512,8.02,97,100,8.01,RU,1699915901
42,island harbour,50.724,-1.2758,57.92,85,63,5.01,GB,1699915960
43,posse,-14.0931,-46.3694,82.0,22,15,3.62,BR,1699915961
44,khovd,48.0056,91.6419,22.42,86,100,1.7,MN,1699915961
45,iqaluit,63.7506,-68.5145,-2.31,70,20,6.91,CA,1699915961
46,sao vicente,-23.9631,-46.3919,98.78,26,14,1.99,BR,1699915961
47,makar'yev,57.8797,43.8069,38.19,78,100,11.77,RU,1699915961
48,mount isa,-20.7333,139.5,89.37,23,4,1.14,AU,1699915961
49,albany,42.6001,-73.9662,38.59,69,99,2.24,US,1699915908
50,necochea,-38.5473,-58.7368,58.78,51,79,12.3,AR,1699915962
51,georgetown,5.4112,100.3354,78.73,92,20,2.3,MY,1699915896
52,ushuaia,-54.8,-68.3,40.62,70,40,32.01,AR,1699915840
53,keflavik,64.0049,-22.5624,44.51,61,75,17.27,IS,1699915962
54,edinburgh of the seven seas,-37.0676,-12.3116,56.52,79,7,25.46,SH,1699915965
55,saldanha,-33.0117,17.9442,69.85,70,7,10.58,ZA,1699915965
56,bredasdorp,-34.5322,20.0403,59.27,82,4,14.94,ZA,1699915966
57,dryden,49.7833,-92.7503,35.89,75,20,4.61,CA,1699915797
58,artigas,-30.4,-56.4667,68.99,98,100,7.52,UY,1699915966
59,blackwater,-23.5833,148.8833,78.69,76,0,7.61,AU,1699915966
60,yellowknife,62.456,-114.3525,18.12,93,100,2.3,CA,1699915966
61,hobyo,5.3505,48.5268,79.72,84,80,4.03,SO,1699915966
62,utrik,11.2278,169.8474,82.69,82,72,18.14,MH,1699915849
63,hami,42.8,93.45,37.6,28,99,12.97,CN,1699915967
64,khanty-mansiysk,61.0042,69.0019,21.31,93,75,8.99,RU,1699915967
65,luderitz,-26.6481,15.1594,61.77,73,0,4.61,NA,1699915967
66,al burayqah,30.4062,19.5739,72.97,62,41,15.57,LY,1699915967
67,adrar,20.5022,-10.0711,75.45,15,7,10.6,MR,1699915967
68,vernon,50.2581,-119.2691,51.3,43,92,8.99,CA,1699915967
69,porto novo,6.4965,2.6036,78.62,86,2,5.48,BJ,1699915769
70,port alfred,-33.5906,26.891,58.17,93,98,11.83,ZA,1699915968
71,port elizabeth,-33.918,25.5701,62.89,78,75,11.5,ZA,1699915968
72,molteno,-31.3968,26.3625,47.34,80,81,16.37,ZA,1699915968
73,tura,25.5198,90.2201,64.58,83,5,3.18,IN,1699915952
74,san patricio,28.017,-97.5169,64.83,91,100,12.28,US,1699915946
75,kone,-21.0595,164.8658,80.35,41,24,5.5,NC,1699915968
76,pamanukan,-6.2842,107.8106,80.91,78,95,4.88,ID,1699915969
77,george town,5.4112,100.3354,78.73,92,20,2.3,MY,1699915969
78,karratha,-20.7377,116.8463,72.57,60,43,13.13,AU,1699915969
79,tiksi,71.6872,128.8694,7.45,90,100,7.85,RU,1699915969
80,ad dabbah,18.05,30.95,82.11,33,84,11.97,SD,1699915969
81,ust-nera,64.5667,143.2,-24.5,98,65,5.03,RU,1699915969
82,weno,7.4515,151.8468,84.15,79,100,5.75,FM,1699915970
83,mpongwe,-13.5091,28.155,68.94,70,86,4.72,ZM,1699915970
84,porto de moz,-1.7483,-52.2383,87.24,42,95,2.55,BR,1699915970
85,aasiaat,68.7098,-52.8699,13.48,85,100,5.44,GL,1699915970
86,margaret river,-33.95,115.0667,59.9,86,99,11.86,AU,1699915970
87,uturoa,-16.7333,-151.4333,80.69,81,98,12.35,PF,1699915970
88,jamestown,42.097,-79.2353,49.59,66,0,11.5,US,1699915688
89,port mathurin,-19.6833,63.4167,76.93,78,0,2.66,MU,1699915971
90,ha'il,27.5219,41.6907,66.22,52,0,4.61,SA,1699915971
91,bonnyville,54.2668,-110.735,40.8,56,100,4.88,CA,1699915971
92,chela,34.069,104.4619,32.38,89,97,1.59,CN,1699915971
93,isafjordur,66.0755,-23.124,34.83,84,82,7.87,IS,1699915971
94,guerrero negro,27.9769,-114.0611,75.97,39,35,12.84,MX,1699915953
95,grand falls-windsor,48.9332,-55.6649,33.51,75,92,1.01,CA,1699915856
96,mabaruma,8.2,-59.7833,78.08,86,18,5.7,GY,1699915972
97,masuguru,-11.3667,38.4167,77.74,80,63,1.32,TZ,1699915972
98,hatillo,18.4863,-66.8254,84.38,84,4,7.0,PR,1699915972
99,lebu,-37.6167,-73.65,52.9,75,29,7.58,CL,1699915972
100,nelson bay,-32.7167,152.15,72.1,72,12,17.0,AU,1699915972
101,wotho,10.1657,166.0102,82.58,84,100,19.35,MH,1699915972
102,inirida,3.8653,-67.9239,78.15,91,100,1.74,CO,1699915973
103,shingu,33.7333,135.9833,50.38,72,5,5.53,JP,1699915973
104,salalah,17.0151,54.0924,80.69,89,40,3.44,OM,1699915973
105,douz,33.4663,9.0203,62.78,69,0,1.86,TN,1699915973
106,olonkinbyen,70.9221,-8.7187,28.02,69,95,6.46,SJ,1699915973
107,la sarre,48.8002,-79.1996,33.55,100,100,7.02,CA,1699915973
108,charters towers,-20.1,146.2667,78.94,38,0,11.14,AU,1699915917
109,axim,4.8699,-2.2405,79.05,88,2,6.13,GH,1699915973
110,flin flon,54.7682,-101.865,31.84,86,100,3.44,CA,1699915974
111,kaihua,23.3687,104.28,55.56,98,100,3.36,CN,1699915974
112,bamboo flat,11.7,92.7167,82.49,78,100,6.91,IN,1699915974
113,lazaro cardenas,17.9583,-102.2,84.83,74,38,7.72,MX,1699915839
114,okhotsk,59.3833,143.3,1.47,80,98,14.65,RU,1699915974
115,freetown,8.484,-13.2299,80.06,86,31,4.5,SL,1699915974
116,avarua,-21.2078,-159.775,75.25,64,75,8.05,CK,1699915974
117,lompoc,34.6391,-120.4579,73.78,61,0,14.97,US,1699915853
118,deir ez-zor,35.3359,40.1408,71.04,30,60,7.85,SY,1699915975
119,chonchi,-42.6128,-73.8092,45.61,73,59,6.35,CL,1699915975
120,negombo,7.2083,79.8358,77.05,100,20,0.0,LK,1699915975
121,murashi,59.3999,48.9615,38.21,92,100,11.07,RU,1699915975
122,labrador city,52.9463,-66.9114,15.71,92,100,4.61,CA,1699915975
123,puerto supe,-10.8167,-77.75,68.18,82,74,10.33,PE,1699915976
124,alice springs,-23.7,133.8833,83.75,20,15,14.97,AU,1699915976
125,siuna,13.7332,-84.7773,74.7,96,100,1.61,NI,1699915976
126,ancud,-41.8697,-73.8203,47.62,60,26,12.64,CL,1699915976
127,ta`u,-14.2336,-169.5144,82.58,81,85,12.08,AS,1699915976
128,chegutu,-18.1302,30.1407,72.84,43,48,9.78,ZW,1699915976
129,orange walk,17.8333,-88.8333,74.23,99,100,2.13,BZ,1699915976
130,namdrik,5.5994,168.1028,82.22,76,100,6.08,MH,1699915977
131,hopelchen,19.7667,-89.85,82.94,63,80,0.63,MX,1699915977
132,cockburn town,21.4612,-71.1419,82.4,77,1,18.59,TC,1699915977
133,akureyri,65.6835,-18.0878,35.53,80,40,6.91,IS,1699915977
134,longyearbyen,78.2186,15.6401,13.84,73,75,6.91,SJ,1699915822
135,ribeira grande,38.5167,-28.7,59.77,91,100,5.01,PT,1699915977
136,bikaner,28.0167,73.3,67.86,34,100,7.07,IN,1699915977
137,ketchikan,55.3422,-131.6461,43.34,65,0,8.05,US,1699915978
138,wittingen,52.7269,10.7361,51.8,100,52,19.3,DE,1699915978
139,tacna,-18.0056,-70.2483,62.8,82,100,9.22,PE,1699915978
140,shumen,43.2706,26.9229,44.69,67,1,2.59,BG,1699915978
141,vila velha,-20.3297,-40.2925,80.94,82,0,10.36,BR,1699915978
142,kiunga,-6.1219,141.2906,82.15,69,37,1.01,PG,1699915945
143,remire-montjoly,4.9167,-52.2667,80.64,83,0,1.14,GF,1699915978
144,enewetak,11.3474,162.3373,83.12,80,96,18.63,MH,1699915979
145,zambezi,-13.5432,23.1047,70.0,75,91,4.65,ZM,1699915979
146,afaahiti,-17.75,-149.2833,82.27,84,100,10.22,PF,1699915979
147,burang,30.25,81.1667,23.5,54,34,3.24,CN,1699915979
148,hawaiian paradise park,19.5933,-154.9731,81.9,75,75,8.05,US,1699915951
149,la passe,45.5549,-0.8967,62.83,95,100,14.16,FR,1699915979
150,rio preto da eva,-2.6994,-59.6997,86.18,51,100,2.26,BR,1699915979
151,gaigeturi,33.4644,126.3183,51.85,50,75,4.61,KR,1699915966
152,tursunzoda,38.5144,68.2333,52.79,31,0,6.46,TJ,1699915980
153,mount pearl,47.5166,-52.7813,32.14,80,100,5.75,CA,1699915958
154,villa la angostura,-40.7617,-71.6463,37.44,98,100,10.18,AR,1699915980
155,eenhana,-17.4667,16.3333,78.91,36,78,3.38,NA,1699915980
156,vilyuchinsk,52.9306,158.4028,27.93,79,100,7.78,RU,1699915871
157,dakhla,23.6848,-15.958,70.3,69,61,11.16,EH,1699915980
158,sitka,57.0531,-135.33,40.89,70,75,5.75,US,1699915978
159,whitehorse,60.7161,-135.0538,23.02,86,100,18.41,CA,1699915981
160,tsiombe,-25.3,45.4833,70.84,80,93,3.53,MG,1699915981
161,wailua homesteads,22.0669,-159.378,82.83,70,75,16.11,US,1699915981
162,watampone,-4.5386,120.3279,80.83,77,92,1.59,ID,1699915981
163,tindouf,27.6711,-8.1474,70.25,30,0,4.61,DZ,1699915981
164,new norfolk,-42.7826,147.0587,58.91,44,78,5.82,AU,1699915982
165,red hill,33.9996,-79.2581,60.66,79,47,2.84,US,1699915982
166,harper,4.375,-7.7169,78.71,88,2,7.4,LR,1699915982
167,bikenibeu village,1.3673,173.1241,82.98,78,99,14.7,KI,1699915982
168,san ignacio de velasco,-16.3667,-60.95,89.49,43,76,8.19,BO,1699915982
169,lerwick,60.1545,-1.1494,46.4,73,91,16.89,GB,1699915982
170,amos,48.5669,-78.1162,32.5,99,100,5.93,CA,1699915933
171,nova sintra,14.8667,-24.7167,74.84,72,79,8.99,CV,1699915983
172,taoudenni,22.6783,-3.9836,78.8,17,4,14.18,ML,1699915983
173,naze,28.3667,129.4833,58.12,65,88,9.31,JP,1699915983
174,saint-joseph,-21.3667,55.6167,71.47,83,77,5.06,RE,1699915983
175,pita,10.8333,-12.5833,73.2,39,2,4.21,GN,1699915983
176,boguchany,58.3814,97.4531,33.85,97,100,10.0,RU,1699915984
177,barabai,-2.5833,115.3833,75.88,93,94,1.28,ID,1699915984
178,ust-tsilma,65.441,52.1498,22.6,95,100,3.0,RU,1699915984
179,veitsbronn,49.5124,10.888,53.76,87,75,11.5,DE,1699915984
180,joshimath,30.5667,79.5667,50.4,30,98,6.87,IN,1699915985
181,praia da vitoria,38.7333,-27.0667,60.76,94,75,5.53,PT,1699915985
182,mount gambier,-37.8333,140.7667,54.1,82,100,1.39,AU,1699915985
183,saint-laurent-du-maroni,5.5039,-54.0289,78.21,87,13,5.37,GF,1699915985
184,belton,38.812,-94.5319,69.46,45,0,8.05,US,1699915847
185,lianzhou,24.7811,112.3825,47.82,88,99,3.15,CN,1699915986
186,papao,-17.75,-149.55,83.88,88,100,12.41,PF,1699915986
187,berdigestyakh,62.0989,126.6992,-7.06,100,100,3.44,RU,1699915986
188,oyon,-10.6681,-76.7731,50.67,85,100,2.19,PE,1699915987
189,izluchinsk,60.9794,76.9242,15.82,97,65,3.33,RU,1699915987
190,sarmiento,-45.5882,-69.07,47.73,35,44,34.4,AR,1699915987
191,alaghsas,17.0187,8.0168,74.37,15,1,10.54,NE,1699915987
192,hammerfest,70.6634,23.6821,27.05,86,20,4.61,NO,1699915988
193,anacapri,40.5558,14.2136,62.13,89,40,6.91,IT,1699915988
194,guanica,17.9716,-66.908,84.51,70,5,9.91,PR,1699915988
195,fiambala,-27.6871,-67.6149,68.94,32,2,9.42,AR,1699915988
196,achinsk,56.2694,90.4993,34.2,85,100,11.01,RU,1699915989
197,indianola,41.3581,-93.5574,64.2,38,2,5.68,US,1699915989
198,farafangana,-22.8167,47.8333,72.05,91,28,5.7,MG,1699915989
199,port isabel,26.0734,-97.2086,64.44,90,100,21.85,US,1699915989
200,hermanus,-34.4187,19.2345,60.44,79,4,20.0,ZA,1699915989
201,lata,40.1629,-8.3327,60.93,94,43,3.51,PT,1699915990
202,vigan,17.5747,120.3869,82.92,93,67,12.19,PH,1699915990
203,myrina,39.8797,25.0742,51.04,87,0,0.0,GR,1699915990
204,ulsteinvik,62.3432,5.8487,37.76,75,0,8.99,NO,1699915990
205,altamira,-3.2033,-52.2064,89.71,36,64,2.06,BR,1699915990
206,shenyang,41.7922,123.4328,19.42,79,51,4.47,CN,1699915882
207,tubarjal,30.4999,38.216,70.29,38,55,8.52,SA,1699915991
208,haiku-pauwela,20.9219,-156.3051,83.17,55,0,23.02,US,1699915853
209,susuman,62.7833,148.1667,-28.23,99,79,0.6,RU,1699915991
210,khao yoi,13.2403,99.8243,75.27,94,96,6.51,TH,1699915991
211,rongelap,11.1635,166.8941,82.49,84,100,17.52,MH,1699915991
212,holualoa,19.6228,-155.9522,82.54,67,40,9.22,US,1699915992
213,bechar,31.6167,-2.2167,62.92,25,0,0.0,DZ,1699915992
214,fale old settlement,-9.3852,-171.2468,83.07,77,100,15.32,TK,1699915940
215,scotts valley,37.0511,-122.0147,72.18,72,68,3.0,US,1699915992
216,chui,-33.6971,-53.4616,60.96,89,100,12.62,UY,1699915907
217,mata-utu,-13.2816,-176.1745,83.95,74,52,8.57,WF,1699915992
218,kavieng,-2.5744,150.7967,82.94,69,100,4.63,PG,1699915993
219,leava,-14.3,-178.1667,83.26,84,96,14.2,WF,1699915993
220,santiago,-33.4569,-70.6483,71.04,37,0,9.22,CL,1699915708
221,richards bay,-28.783,32.0377,63.93,84,100,10.51,ZA,1699915993
222,kodiak,57.79,-152.4072,44.11,49,20,18.41,US,1699915839
223,tateyama,34.9833,139.8667,54.39,49,2,4.74,JP,1699915993
224,geraldton,-28.7667,114.6,70.21,83,100,9.22,AU,1699915994
225,ola,59.5833,151.2833,3.18,78,80,12.84,RU,1699915994
226,mustafakemalpasa,40.0353,28.4117,53.65,86,85,1.01,TR,1699915994
227,atafu village,-8.5421,-172.5159,84.07,78,95,9.62,TK,1699915852
228,podporozh'ye,60.9112,34.1706,32.02,95,100,5.26,RU,1699915994
229,baoro,5.6667,15.9667,69.71,92,64,2.1,CF,1699915994
230,coquimbo,-29.9533,-71.3436,64.13,63,0,13.8,CL,1699915995
231,farap,39.1704,63.6116,41.0,75,0,4.61,TM,1699915995
232,ushirombo,-3.4919,31.9639,64.72,96,100,2.24,TZ,1699915995
233,constantia,44.1833,28.65,36.28,51,0,8.97,RO,1699915995
234,saint-denis,48.9167,2.3333,55.89,84,75,16.11,FR,1699915995
235,petropavlovsk-kamchatsky,53.0452,158.6483,26.46,74,0,28.01,RU,1699915958
236,aleksandrov gay,50.147,48.5704,43.57,88,97,7.56,RU,1699915996
237,mana,5.6592,-53.7767,79.84,86,21,11.18,GF,1699915996
238,williams,52.1415,-122.1445,44.06,48,40,4.61,CA,1699915996
239,qinzhou,21.95,108.6167,53.69,77,91,10.96,CN,1699915996
240,chibougamau,49.9168,-74.3659,24.42,86,100,11.5,CA,1699915996
241,dazhou,31.2159,107.5009,49.96,89,100,0.63,CN,1699915996
242,san antonio de pale,-1.4014,5.6325,79.47,82,63,9.04,GQ,1699915997
243,brzeg,50.8608,17.4674,44.31,84,100,13.2,PL,1699915997
244,hamilton,39.1834,-84.5333,59.63,39,20,10.36,US,1699915715
245,yambio,4.5721,28.3955,69.89,97,98,3.91,SS,1699915997
246,alice town,25.7167,-79.3,78.39,77,96,15.14,BS,1699915997
247,vallegrande,-18.4897,-64.1069,65.98,70,85,6.89,BO,1699915997
248,tual,-5.6667,132.75,81.73,76,28,7.92,ID,1699915998
249,usinsk,65.9939,57.5281,15.08,87,100,7.0,RU,1699915998
250,kapa'a,22.0752,-159.319,84.18,70,75,16.11,US,1699915998
251,horta,38.5333,-28.6333,59.02,91,100,5.01,PT,1699915998
252,college,64.8569,-147.8028,28.35,90,100,4.61,US,1699915879
253,sinop,41.7711,34.8709,54.79,92,100,3.6,TR,1699915998
254,labasa,-16.4167,179.3833,85.84,69,100,12.26,FJ,1699915999
255,waddan,29.1614,16.139,65.32,68,77,6.26,LY,1699915999
256,gadzhiyevo,69.2551,33.3362,16.34,96,99,2.13,RU,1699915999
257,ibarreta,-25.2144,-59.8585,69.31,94,100,8.12,AR,1699915999
258,ryotsu-minato,38.0833,138.4333,50.5,67,100,15.95,JP,1699915999
259,dudinka,69.4058,86.1778,9.63,86,74,11.63,RU,1699915999
260,nishinoomote,30.7333,131.0,60.21,51,11,4.72,JP,1699916000
261,coahuayana de hidalgo,18.7,-103.6583,86.65,65,48,4.99,MX,1699916000
262,sinaloa de leyva,25.8333,-108.2333,89.44,30,0,6.44,MX,1699916000
263,selkirk,50.1436,-96.8845,42.87,83,100,1.01,CA,1699916000
264,kochenevo,55.0218,82.202,31.39,94,100,10.2,RU,1699916001
265,minas de marcona,-15.2119,-75.1103,58.78,85,73,14.45,PE,1699915993
266,humaita,-7.5061,-63.0208,78.37,85,98,2.98,BR,1699916001
267,vorgashor,67.5833,63.95,1.62,93,96,6.69,RU,1699916001
268,yuzhno-kurilsk,44.0306,145.8556,36.37,80,100,20.0,RU,1699915983
269,pryluky,50.5932,32.3876,37.49,88,11,7.43,UA,1699916001
270,badger,64.8,-147.5333,28.27,91,100,4.61,US,1699916001
271,hotan,37.0997,79.9269,42.48,24,100,5.7,CN,1699916002
272,port douglas,-16.4833,145.4667,76.64,65,71,6.11,AU,1699916002
273,sovetskaya gavan',48.9723,140.2878,16.11,81,42,10.33,RU,1699916002
274,loushanguan,28.1375,106.82,46.06,87,100,1.23,CN,1699916002
275,klyuchi,52.2667,79.1667,39.22,89,100,11.14,RU,1699916002
276,sabang,5.8933,95.3214,80.74,82,100,15.88,ID,1699916002
277,nuku'alofa,-21.1333,-175.2,73.74,94,100,12.66,TO,1699916003
278,nizhneudinsk,54.9076,99.0276,27.57,87,100,4.05,RU,1699916003
279,paso de los libres,-29.7131,-57.0899,73.44,88,100,4.61,AR,1699915995
280,mirny,62.5353,113.9611,15.24,85,99,11.01,RU,1699916003
281,la'ie,21.6477,-157.9253,87.76,73,94,8.99,US,1699916003
282,pikalevo,59.5183,34.1664,30.72,99,100,3.87,RU,1699916003
283,robertsport,6.7533,-11.3686,81.5,80,100,4.38,LR,1699916004
284,laghouat,33.8,2.8651,58.32,32,2,2.95,DZ,1699916004
285,ayapel,8.3137,-75.1398,80.87,89,63,4.7,CO,1699916004
286,kailua-kona,19.6406,-155.9956,86.27,66,40,9.22,US,1699916004
287,vadso,70.0744,29.7487,15.96,86,75,16.11,NO,1699915913
288,alo,7.4178,6.7371,79.21,80,100,3.44,NG,1699916005
289,brisas de zicatela,15.8369,-97.0419,88.32,55,0,5.75,MX,1699916005
290,tiquipaya,-17.3382,-66.2189,79.52,28,40,11.5,BO,1699916005
291,kisangani,0.5167,25.2,70.36,100,88,2.24,CD,1699916005
292,kruisfontein,-34.0033,24.7314,55.9,82,81,9.26,ZA,1699915810
293,menongue,-14.6585,17.691,67.1,67,61,4.52,AO,1699916005
294,margate,51.3813,1.3862,55.9,75,29,15.99,GB,1699915414
295,palmer,42.1584,-72.3287,40.55,58,75,0.0,US,1699916006
296,nuuk,64.1835,-51.7216,23.61,86,20,15.01,GL,1699916006
297,yakeshi,49.2833,120.7333,-4.43,100,62,1.97,CN,1699916006
298,kirensk,57.7853,108.1119,24.96,95,100,10.0,RU,1699915986
299,ende,-8.8432,121.6623,81.9,77,81,2.17,ID,1699916006
300,galliano,29.4422,-90.2992,64.4,88,100,8.05,US,1699916007
301,katabu,-4.9333,122.5167,80.58,78,78,1.07,ID,1699916007
302,kerikeri,-35.2268,173.9474,68.92,77,66,1.99,NZ,1699915858
303,cooper's town,26.8667,-77.5167,77.56,81,88,11.74,BS,1699915902
304,tyukalinsk,55.8732,72.1967,32.95,91,100,7.31,RU,1699916007
305,kayenta,36.7278,-110.2546,58.01,18,26,3.71,US,1699916008
306,laguna,38.421,-121.4238,74.1,43,0,6.91,US,1699916008
307,jati,24.3539,68.2671,73.56,28,78,6.55,PK,1699916008
308,east london,-33.0153,27.9116,60.73,75,100,7.25,ZA,1699916008
309,rio brilhante,-21.8019,-54.5464,90.05,34,32,5.59,BR,1699916008
310,kapuskasing,49.4169,-82.4331,33.89,93,100,14.97,CA,1699916008
311,ghadamis,30.1337,9.5007,65.26,43,25,8.39,LY,1699916009
312,arraial do cabo,-22.9661,-42.0278,78.76,94,75,9.22,BR,1699915808
313,as sulayyil,20.4607,45.5779,70.05,39,58,8.68,SA,1699916010
314,arkhangel'sk,64.5401,40.5433,26.13,91,100,7.43,RU,1699916011
315,lihue,21.9789,-159.3672,83.44,69,75,16.11,US,1699915973
316,magistral'nyy,56.1725,107.4458,20.37,94,100,5.95,RU,1699916011
317,lockport,41.5895,-88.0578,59.0,38,0,4.61,US,1699916011
318,las heras,-46.5419,-68.9359,48.72,29,84,25.9,AR,1699916012
319,manaquiri,-3.3167,-60.35,91.85,50,93,2.35,BR,1699916012
320,cruz,-2.9178,-40.1717,80.64,76,31,16.58,BR,1699916012
321,dulovo,43.8167,27.15,44.55,67,2,6.51,BG,1699916012
322,colonia,50.9333,6.95,54.05,75,0,12.66,DE,1699916012
323,hithadhoo,-0.6,73.0833,80.69,83,57,9.89,MV,1699915959
324,camarinas,43.1311,-9.1817,66.18,97,100,26.24,ES,1699916013
325,nasir,15.5894,32.5634,90.3,21,18,12.5,SD,1699916013
326,domat,46.8348,9.4508,53.17,94,100,5.21,CH,1699916013
327,sisimiut,66.9395,-53.6735,17.51,79,100,9.06,GL,1699916013
328,al ghayzah,16.2079,52.176,78.6,75,14,3.74,YE,1699916013
329,kristiansund,63.1115,7.732,32.65,69,1,6.91,NO,1699916014
330,abu jibeha,11.4562,31.2285,83.84,35,6,4.38,SD,1699916014
331,sale,34.0389,-6.8166,71.64,100,40,0.0,MA,1699916014
332,atherton,53.5237,-2.4935,52.7,90,87,4.0,GB,1699916014
333,itoman,26.1247,127.6694,68.02,62,75,10.36,JP,1699916014
334,elko,41.0002,-115.5012,57.15,20,100,5.01,US,1699916015
335,donghai,22.9459,115.642,60.55,72,98,7.09,CN,1699916015
336,juliaca,-15.5,-70.1333,62.58,42,0,9.22,PE,1699916015
337,poronaysk,49.2167,143.1167,19.15,85,46,6.82,RU,1699916015
338,rexburg,43.826,-111.7897,60.78,16,0,12.66,US,1699916015
339,mao,39.8885,4.2658,64.96,94,0,6.91,ES,1699916015
340,hilo,19.7297,-155.09,82.11,73,75,8.05,US,1699915998
341,aberdeen,57.1437,-2.0981,46.89,91,75,5.75,GB,1699916016
342,mejit,10.2753,170.8646,82.47,81,81,19.33,MH,1699916016
343,undurkhaan,47.3194,110.6556,2.84,85,57,3.0,MN,1699916016
344,heihe,50.2441,127.4902,12.78,87,16,2.55,CN,1699916016
345,corfu,39.62,19.9197,56.98,88,0,0.0,GR,1699915742
346,shillong,25.5689,91.8831,50.18,51,5,1.66,IN,1699916017
347,ontario,34.0633,-117.6509,78.85,20,75,8.05,US,1699915289
348,forster,-32.1667,152.5167,74.37,69,4,9.4,AU,1699915966
349,columbia falls,48.3725,-114.1815,49.14,65,100,3.44,US,1699916017
350,fort st. john,56.2499,-120.8529,22.89,93,75,6.91,CA,1699916017
351,aktobe,50.2797,57.2072,39.29,81,0,20.13,KZ,1699916018
352,dogondoutchi,13.6393,4.0287,80.71,11,17,9.86,NE,1699916018
353,carnarvon,-24.8667,113.6333,69.62,70,54,7.94,AU,1699915834
354,santa ana de yacuma,-13.75,-65.4333,94.95,46,75,11.5,BO,1699916018
355,pursat,12.3333,103.6667,73.47,96,64,0.69,KH,1699916018
356,muisne,0.6,-80.0333,78.06,85,71,8.01,EC,1699916018
357,sandpoint,48.2766,-116.5533,44.04,87,100,5.75,US,1699915744
358,oliva,38.9197,-0.1194,65.82,65,3,21.0,ES,1699916019
359,beterou,9.1992,2.2586,77.81,34,2,2.35,BJ,1699916019
360,mossel bay,-34.1831,22.146,58.93,84,45,18.07,ZA,1699916019
361,tazovsky,67.4667,78.7,-1.89,94,7,8.72,RU,1699915783
362,carutapera,-1.195,-46.02,78.94,79,51,9.24,BR,1699916000
363,thunder bay,48.4001,-89.3168,40.98,56,75,10.36,CA,1699915767
364,rikaze,29.25,88.8833,29.19,67,26,3.36,CN,1699916019
365,cidade velha,14.9167,-23.6167,79.27,50,0,11.5,CV,1699916020
366,freeport,40.6576,-73.5832,48.18,70,20,4.61,US,1699916020
367,slavkov u brna,49.1533,16.8765,45.55,99,100,2.3,CZ,1699916020
368,raja,8.4596,25.678,77.76,71,58,3.62,SS,1699916020
369,jining,35.405,116.5814,32.76,40,5,6.06,CN,1699915820
370,thinadhoo,0.5333,72.9333,81.54,79,97,7.78,MV,1699916020
371,sorada,19.75,84.4333,68.13,77,100,2.48,IN,1699916020
372,recani,31.2846,-4.2688,70.95,23,100,4.88,MA,1699916021
373,nemuro,43.3236,145.575,39.38,65,56,20.24,JP,1699916021
374,bhadra,29.1167,75.1667,66.24,37,100,4.9,IN,1699916021
375,saipan,15.1355,145.701,83.1,78,40,18.41,MP,1699916021
376,lorengau,-2.0226,147.2712,81.7,80,76,5.28,PG,1699916021
377,kingston,17.997,-76.7936,88.75,73,20,23.02,JM,1699915763
378,ribadesella,43.4614,-5.0596,62.94,84,96,0.81,ES,1699916022
379,tianpeng,30.9866,103.9393,51.64,85,100,5.06,CN,1699916022
380,shimoda,34.6667,138.95,55.11,60,89,2.3,JP,1699916022
381,ocean city,39.2776,-74.5746,47.98,71,3,1.99,US,1699916022
382,qarqin,37.4185,66.0436,55.09,34,4,5.97,AF,1699916022
383,prado,-17.3411,-39.2208,76.78,82,30,15.26,BR,1699915878
384,qamdo,31.1667,97.2333,20.44,56,2,3.58,CN,1699916022
385,nellore,14.4333,79.9667,78.62,73,96,7.05,IN,1699916023
386,vysokiy,58.35,60.05,35.65,98,100,8.66,RU,1699916023
387,crane,31.3974,-102.3501,53.44,83,100,8.77,US,1699916023
388,trairi,-3.2778,-39.2689,79.88,80,12,11.18,BR,1699915940
389,dzhalagash,45.0833,64.6667,39.4,67,49,12.17,KZ,1699916023
390,tshabong,-26.05,22.45,76.53,12,0,9.93,BW,1699916023
391,pochinok,54.4068,32.4407,34.74,96,100,17.43,RU,1699916023
392,fortuna,40.5982,-124.1573,61.93,85,0,11.5,US,1699916024
393,guiratinga,-16.3494,-53.7583,86.4,28,76,3.62,BR,1699916024
394,outjo,-20.1167,16.15,75.85,43,85,8.16,NA,1699916024
395,piat,17.7905,121.478,74.84,91,98,6.46,PH,1699916024
396,nagqu,31.5,92.0,17.91,39,72,4.09,CN,1699916024
397,side,36.7667,31.3885,68.07,79,81,8.63,TR,1699916024
398,hacibektas,38.9408,34.5577,54.99,38,75,8.05,TR,1699916025
399,hasaki,35.7333,140.8333,48.6,45,0,11.81,JP,1699915921
400,mount darwin,-16.7725,31.5838,72.05,53,25,10.11,ZW,1699916025
401,beloyarskiy,63.7119,66.6722,10.99,95,100,4.0,RU,1699916025
402,dunda,-8.1167,34.25,68.56,80,84,2.26,TZ,1699916025
403,moengo,5.6167,-54.4,78.66,83,21,5.3,SR,1699916025
404,sao raimundo nonato,-9.0153,-42.6994,82.6,25,0,3.8,BR,1699916025
405,aksu,41.1231,80.2644,38.3,45,0,1.68,CN,1699916026
406,opuwo,-18.0607,13.84,79.09,23,100,4.32,NA,1699916026
407,vila franca do campo,37.7167,-25.4333,66.61,99,100,3.51,PT,1699916009
408,siem reap,13.5,104.0,73.38,97,76,2.19,KH,1699916026
409,suva,-18.1416,178.4415,78.28,94,75,10.36,FJ,1699916026
410,kabare,-2.4683,28.8242,61.57,97,100,1.32,CD,1699916026
411,namibe,-15.1961,12.1522,75.4,61,100,2.55,AO,1699916003
412,panama city beach,30.1766,-85.8055,65.05,74,75,7.0,US,1699916027
413,koryazhma,61.3143,47.1691,36.91,98,100,8.9,RU,1699916027
414,n'zeto,-7.2312,12.8666,78.58,90,77,5.39,AO,1699916027
415,wewak,-3.5534,143.6268,79.86,86,98,6.85,PG,1699916027
416,majene,-3.5403,118.9707,81.09,74,64,3.78,ID,1699916027
417,taroa,8.7058,171.2275,82.4,79,97,17.29,MH,1699916027
418,tevriz,57.509,72.4042,31.41,95,100,5.46,RU,1699916028
419,isangel,-19.55,169.2667,77.11,78,75,6.91,VU,1699916028
420,kavaratti,10.5669,72.642,81.25,72,96,3.67,IN,1699916028
421,copiapo,-27.3667,-70.3333,58.69,40,0,6.17,CL,1699916028
422,port-gentil,-0.7193,8.7815,80.11,83,97,8.25,GA,1699916028
423,cadale,2.7603,46.3222,81.63,77,56,5.03,SO,1699916029
424,yangambi,0.8102,24.4336,69.58,100,97,1.14,CD,1699916029
425,port macquarie,-31.4333,152.9167,74.89,64,2,8.95,AU,1699916029
426,ain sefra,32.75,-0.5833,61.18,30,75,2.51,DZ,1699916029
427,pervomayskiy,53.2485,40.2871,40.23,84,95,12.77,RU,1699916029
428,happy valley-goose bay,53.3168,-60.3315,28.71,69,75,10.36,CA,1699916029
429,rawson,-43.3002,-65.1023,66.96,21,97,19.55,AR,1699916029
430,kashgar,39.4547,75.9797,42.01,42,0,8.95,CN,1699916030
431,lugu,23.7464,120.7525,70.47,79,52,1.07,TW,1699916030
432,nadym,65.5333,72.5167,-0.62,98,41,5.28,RU,1699916030
433,northam,51.0333,-4.2167,54.61,91,39,24.52,GB,1699916030
434,kawambwa,-9.7915,29.0791,63.81,89,99,1.34,ZM,1699916030
435,westport,41.1415,-73.3579,44.82,72,75,3.44,US,1699916030
436,antofagasta,-23.65,-70.4,63.68,73,23,9.28,CL,1699916030
437,canico,32.6333,-16.85,71.71,83,75,5.75,PT,1699915988
438,egilsstadir,65.2653,-14.3948,33.71,93,40,1.14,IS,1699915999
439,borogontsy,62.6683,131.1683,-22.09,100,100,2.75,RU,1699916031
440,port moresby,-9.4431,147.1797,78.22,73,0,5.75,PG,1699916031
441,hadibu,12.65,54.0333,79.18,87,98,9.48,YE,1699916031
442,taber,49.8167,-112.1518,60.8,29,98,25.32,CA,1699916031
443,morehead city,34.7229,-76.726,57.2,77,0,1.01,US,1699916031
444,midvagur,62.0511,-7.1939,45.43,70,75,16.11,FO,1699916031
445,aykhal,66.0,111.5,14.86,93,100,11.77,RU,1699916032
446,saudarkrokur,65.7461,-19.6394,28.67,82,33,8.5,IS,1699915985
447,kaspiyskiy,45.3929,47.3707,50.95,86,95,9.33,RU,1699916032
448,quatre cocos,-20.2078,57.7625,75.09,76,39,4.83,MU,1699916032
449,casa branca,-21.7739,-47.0864,85.03,28,84,2.71,BR,1699915966
450,atar,20.5169,-13.0499,82.53,16,15,9.6,MR,1699916032
451,aral,40.5156,81.2636,40.53,38,0,6.93,CN,1699916032
452,socorro,31.6546,-106.3033,64.02,60,75,10.36,US,1699916033
453,bo rai,12.5728,102.5371,77.05,90,88,5.64,TH,1699916033
454,olyokminsk,60.3736,120.4264,13.33,95,100,4.36,RU,1699916033
455,barah,13.7,30.3667,86.45,26,57,9.15,SD,1699916035
456,filadelfia,39.9523,-75.1638,49.01,61,40,5.75,US,1699915910
457,port saint john's,-31.6229,29.5448,62.29,79,100,8.41,ZA,1699916035
458,port lincoln,-34.7333,135.8667,59.63,77,100,11.25,AU,1699916035
459,yarmouth,41.7057,-70.2286,41.97,81,75,1.99,US,1699916035
460,oswego,43.4501,-76.1497,47.35,81,97,3.58,US,1699915886
461,ovruch,51.3246,28.8035,36.14,89,73,7.09,UA,1699916036
462,alegrete,-29.7831,-55.7919,69.13,98,100,7.78,BR,1699916036
463,taunsa,30.7048,70.6505,65.97,38,4,1.59,PK,1699916036
464,suwannaphum,15.6035,103.8021,72.86,77,90,13.98,TH,1699916036
465,nabire,-3.3667,135.4833,81.27,73,94,3.71,ID,1699915761
466,guane,22.2025,-84.0875,79.59,73,42,6.42,CU,1699916036
467,el calafate,-50.3408,-72.2768,41.14,48,14,17.02,AR,1699916037
468,kayanza,-3.0667,29.6667,58.32,97,97,1.74,BI,1699916037
469,mthatha,-31.5889,28.7844,52.36,93,100,9.22,ZA,1699916037
470,lewistown,40.5992,-77.5714,56.14,73,0,4.61,US,1699915946
471,tobruk,32.0836,23.9764,70.56,66,4,17.05,LY,1699916037
472,nevel'sk,46.6733,141.8633,30.09,72,85,13.8,RU,1699916037
473,yemetsk,63.4721,41.7941,29.53,97,100,6.71,RU,1699916038
474,yellandu,17.6,80.3333,69.93,85,100,2.17,IN,1699916038
475,rusape,-18.5278,32.1284,60.64,73,18,4.34,ZW,1699916038
476,limassol,34.675,33.0333,69.87,73,0,10.36,CY,1699916038
477,touba,8.2833,-7.6833,75.2,71,10,1.16,CI,1699916038
478,vilyuysk,63.7553,121.6247,3.69,97,100,5.08,RU,1699916038
479,uray,60.1247,64.7758,26.87,94,100,3.0,RU,1699916038
480,novoagansk,61.9449,76.6625,5.04,96,66,2.42,RU,1699916039
481,zindah jan,34.3426,61.7468,54.3,38,49,2.48,AF,1699916039
482,newnham,-41.3833,147.1333,62.67,51,65,6.91,AU,1699916039
483,kosh-agach,50.0,88.6667,7.12,87,93,4.7,RU,1699916039
484,altay,47.8667,88.1167,22.95,88,95,5.39,CN,1699916039
485,bhindar,24.5,74.1833,65.32,41,100,4.59,IN,1699916040
486,amurzet,47.6967,131.0981,6.06,93,5,5.91,RU,1699916040
487,barcelona,41.3888,2.159,69.55,75,0,8.05,ES,1699915706
488,maloye ganyushkino,46.6,49.2667,49.84,71,74,7.67,KZ,1699916040
489,anshun,26.25,105.9333,45.07,87,100,2.48,CN,1699916040
490,sindirgi,39.2413,28.1784,50.34,94,87,4.36,TR,1699916040
491,rondonopolis,-16.4708,-54.6356,92.43,25,86,4.29,BR,1699916040
492,khost,33.3395,69.9204,55.09,49,0,1.86,AF,1699916041
493,somerset east,-32.7217,25.588,53.13,85,100,10.51,ZA,1699916041
494,iron river,46.0927,-88.6423,45.36,69,3,8.37,US,1699916041
495,qa'en,33.7265,59.1844,51.37,40,59,1.72,IR,1699916041
496,belmonte,-15.8631,-38.8828,77.47,80,0,13.13,BR,1699916041
497,luganville,-15.5333,167.1667,78.64,76,98,13.2,VU,1699916041
498,kaa-khem,51.6833,94.7333,13.41,96,100,1.5,RU,1699916042
499,ribeira brava,32.65,-17.0667,71.71,77,52,1.16,PT,1699916042
500,gvardeysk,54.6477,21.0651,41.34,91,95,5.99,RU,1699916042
501,zhanga buqtyrma,49.6295,83.5248,33.08,94,97,1.12,KZ,1699916042
502,zemio,5.0314,25.1361,71.65,94,100,2.91,CF,1699916043
503,priargunsk,50.3691,119.1012,-5.42,100,98,2.24,RU,1699916043
504,porto murtinho,-21.6989,-57.8825,91.92,42,70,6.91,BR,1699916043
505,masterton,-40.9597,175.6575,62.89,44,71,10.58,NZ,1699916043
506,santiago de cao,-7.9589,-79.2392,69.93,78,20,11.5,PE,1699916043
507,kolwezi,-10.7148,25.4667,61.43,94,71,3.09,CD,1699916043
508,hood river,45.7054,-121.5215,57.38,69,0,9.22,US,1699915838
509,noda,35.9411,139.8581,55.09,39,0,9.22,JP,1699916044
510,derazhnya,49.2692,27.4338,39.16,79,91,4.74,UA,1699916044
511,bodo,67.28,14.405,27.77,55,0,19.57,NO,1699915841
512,queenstown,-31.8976,26.8753,51.87,80,100,8.66,ZA,1699916044
513,reggane,26.7158,0.1714,74.14,17,2,10.98,DZ,1699916044
514,kyneton,-37.25,144.4333,49.08,90,100,4.0,AU,1699916045
515,mesyagutovo,55.5303,58.2528,38.23,91,100,15.32,RU,1699916045
516,smithers,54.7804,-127.1743,34.12,93,40,2.3,CA,1699915816
517,vytegra,61.0064,36.4481,38.35,89,100,11.99,RU,1699915994
518,punta arenas,-53.15,-70.9167,41.11,60,79,23.02,CL,1699915865
519,james city,35.0888,-77.035,57.0,67,0,3.0,US,1699916045
520,masina,-4.3836,15.3914,84.49,70,40,6.91,CD,1699916046
521,caleta olivia,-46.4393,-67.5281,54.88,33,69,27.67,AR,1699916046
522,fredericksburg,38.3032,-77.4605,54.14,65,0,0.0,US,1699915790
523,sucua,-2.4667,-78.1667,84.94,51,40,6.91,EC,1699916046
524,malvan,16.0667,73.4667,78.42,61,100,4.16,IN,1699916046
525,palmerston,-12.486,130.9833,83.93,76,50,2.95,AU,1699916046
526,sebastopol,44.6,33.5333,46.99,71,100,7.0,UA,1699916047
527,poso,-1.3959,120.7524,79.66,80,100,3.18,ID,1699916036
528,urengoy,65.9667,78.3667,-0.33,92,6,8.75,RU,1699916047
529,ito,34.9667,139.0833,53.69,62,51,0.83,JP,1699915764
530,pahasu,28.1833,78.05,67.26,41,98,3.24,IN,1699916047
531,roquetas de mar,36.7642,-2.6148,59.0,68,69,1.48,ES,1699916048
532,'ain benian,36.8028,2.9219,53.65,62,8,1.23,DZ,1699916048
533,callao,-12.0667,-77.15,70.09,73,20,5.75,PE,1699916048
534,jaru,-10.4389,-62.4664,80.69,70,98,5.01,BR,1699915979
535,ciudad lazaro cardenas,17.9583,-102.2,84.83,74,38,7.72,MX,1699915789
536,barmer,25.75,71.3833,70.86,29,100,7.4,IN,1699916048
537,yanykurgan,43.915,67.2481,40.78,54,0,5.64,KZ,1699916049
538,flying fish cove,-10.4217,105.6791,76.68,83,100,8.05,CX,1699916049
539,maceio,-9.6658,-35.7353,78.24,88,20,6.91,BR,1699916049
540,teguise,29.0605,-13.564,71.82,35,0,9.22,ES,1699916049
541,zhezqazghan,47.7833,67.7667,36.43,83,31,8.34,KZ,1699916049
542,jinchang,38.4953,102.1739,32.85,36,3,1.39,CN,1699916050
543,santo antonio do ica,-3.1022,-67.9397,82.02,76,94,1.48,BR,1699916050
544,chinju,35.1928,128.0847,26.42,68,2,2.84,KR,1699916050
545,rumbek,6.802,29.6912,75.83,82,84,3.27,SS,1699916050
